{
    "agent_name": "BestAgentMLP",
    "mean_accuracy": 0.9858428571428571,
    "std_accuracy": 0.000536808406515878,
    "total_time": 358.35086154937744,
    "total_cpu_time": 579.484375,
    "peak_memory_mb": 1016.6382846832275,
    "accuracies_per_task": [
        0.9856,
        0.9867,
        0.9849,
        0.9862,
        0.9862,
        0.9857,
        0.9856
    ],
    "times_per_task": [
        59.266783237457275,
        49.42951536178589,
        48.175275802612305,
        48.52678871154785,
        50.09982919692993,
        51.315120458602905,
        51.537548780441284
    ],
    "cpu_times_per_task": [
        90.796875,
        80.703125,
        78.265625,
        79.109375,
        82.03125,
        83.921875,
        84.65625
    ]
}