{
    "agent_name": "ExtraTreeAgent9features",
    "mean_accuracy": 0.9723714285714287,
    "std_accuracy": 0.000525667699799253,
    "total_time": 233.12448143959045,
    "total_cpu_time": 440.078125,
    "peak_memory_mb": 1537.867642402649,
    "accuracies_per_task": [
        0.9727,
        0.9722,
        0.972,
        0.9731,
        0.972,
        0.9716,
        0.973
    ],
    "times_per_task": [
        32.43203783035278,
        32.297685384750366,
        32.942774057388306,
        33.526561975479126,
        33.855220794677734,
        34.64592742919922,
        33.42427396774292
    ],
    "cpu_times_per_task": [
        61.109375,
        60.78125,
        62.125,
        63.265625,
        64.0625,
        65.5,
        63.234375
    ]
}