{
    "agent_name": "ExtraTreeAgent5features",
    "mean_accuracy": 0.9726,
    "std_accuracy": 0.0003703280399090312,
    "total_time": 212.36806750297546,
    "total_cpu_time": 416.453125,
    "peak_memory_mb": 604.1224727630615,
    "accuracies_per_task": [
        0.9727,
        0.9734,
        0.9722,
        0.9723,
        0.9724,
        0.9725,
        0.9727
    ],
    "times_per_task": [
        30.69820761680603,
        31.479231357574463,
        30.88222885131836,
        30.252195119857788,
        30.5371196269989,
        29.534259796142578,
        28.984825134277344
    ],
    "cpu_times_per_task": [
        60.265625,
        61.859375,
        60.421875,
        59.296875,
        59.921875,
        57.84375,
        56.84375
    ]
}