{
    "agent_name": "ExtraTreeAgent5features",
    "mean_accuracy": 0.9726,
    "std_accuracy": 0.0003703280399090312,
    "total_time": 221.13778924942017,
    "total_cpu_time": 430.46875,
    "peak_memory_mb": 604.1465873718262,
    "accuracies_per_task": [
        0.9727,
        0.9734,
        0.9722,
        0.9723,
        0.9724,
        0.9725,
        0.9727
    ],
    "times_per_task": [
        29.964722871780396,
        31.201127767562866,
        31.450172424316406,
        32.36626577377319,
        31.972691535949707,
        31.84119439125061,
        32.34161448478699
    ],
    "cpu_times_per_task": [
        57.734375,
        60.609375,
        61.5,
        63.421875,
        62.515625,
        62.1875,
        62.5
    ]
}