{
    "agent_name": "KNNFaiss",
    "mean_accuracy": 0.27187142857142854,
    "std_accuracy": 0.0022224274281670915,
    "total_time": 9.82503342628479,
    "total_cpu_time": 16.140625,
    "peak_memory_mb": 413.0081720352173,
    "accuracies_per_task": [
        0.271,
        0.2678,
        0.2706,
        0.2753,
        0.272,
        0.2728,
        0.2736
    ],
    "times_per_task": [
        1.4894931316375732,
        1.3275017738342285,
        1.4213855266571045,
        1.368201732635498,
        1.3957810401916504,
        1.4494082927703857,
        1.3732619285583496
    ],
    "cpu_times_per_task": [
        2.46875,
        2.171875,
        2.34375,
        2.265625,
        2.296875,
        2.359375,
        2.234375
    ]
}