{
    "agent_name": "LGBEXTHybride",
    "mean_accuracy": 0.9687857142857143,
    "std_accuracy": 0.0006534055214873952,
    "total_time": 563.0511960983276,
    "total_cpu_time": 1115.265625,
    "peak_memory_mb": 288.4385404586792,
    "accuracies_per_task": [
        0.969,
        0.9678,
        0.9698,
        0.9685,
        0.9694,
        0.9681,
        0.9689
    ],
    "times_per_task": [
        79.47500276565552,
        82.37284564971924,
        83.2997899055481,
        78.41724395751953,
        78.22012686729431,
        80.74759268760681,
        80.51859426498413
    ],
    "cpu_times_per_task": [
        157.484375,
        162.84375,
        164.96875,
        155.453125,
        155.0625,
        159.828125,
        159.625
    ]
}