{
    "agent_name": "BestAgentMLP",
    "mean_accuracy": 0.9858428571428571,
    "std_accuracy": 0.000536808406515878,
    "total_time": 371.06338715553284,
    "total_cpu_time": 601.453125,
    "peak_memory_mb": 1016.6418857574463,
    "accuracies_per_task": [
        0.9856,
        0.9867,
        0.9849,
        0.9862,
        0.9862,
        0.9857,
        0.9856
    ],
    "times_per_task": [
        54.0586633682251,
        53.5235071182251,
        52.77038550376892,
        51.41878843307495,
        53.75071334838867,
        52.73973083496094,
        52.80159854888916
    ],
    "cpu_times_per_task": [
        87.40625,
        87.59375,
        85.90625,
        84.234375,
        86.84375,
        84.75,
        84.71875
    ]
}