{
    "agent_name": "ExtraTreeAgent9features",
    "mean_accuracy": 0.9723714285714287,
    "std_accuracy": 0.000525667699799253,
    "total_time": 242.10875868797302,
    "total_cpu_time": 452.421875,
    "peak_memory_mb": 1538.0700464248657,
    "accuracies_per_task": [
        0.9727,
        0.9722,
        0.972,
        0.9731,
        0.972,
        0.9716,
        0.973
    ],
    "times_per_task": [
        34.31478476524353,
        34.27475905418396,
        34.66852307319641,
        34.21594190597534,
        34.17189908027649,
        34.56103777885437,
        35.90181303024292
    ],
    "cpu_times_per_task": [
        63.71875,
        64.1875,
        64.609375,
        63.953125,
        64.203125,
        64.421875,
        67.328125
    ]
}