{
    "agent_name": "KNNFaiss",
    "mean_accuracy": 0.27178571428571424,
    "std_accuracy": 0.0022132255526580947,
    "total_time": 10.550838708877563,
    "total_cpu_time": 17.390625,
    "peak_memory_mb": 413.23696517944336,
    "accuracies_per_task": [
        0.2709,
        0.2679,
        0.2703,
        0.2753,
        0.2718,
        0.2729,
        0.2734
    ],
    "times_per_task": [
        1.4591362476348877,
        1.570836067199707,
        1.5827105045318604,
        1.5786716938018799,
        1.491966724395752,
        1.427539587020874,
        1.4399778842926025
    ],
    "cpu_times_per_task": [
        2.390625,
        2.609375,
        2.609375,
        2.625,
        2.453125,
        2.34375,
        2.359375
    ]
}