{
    "agent_name": "LGBEXTHybride",
    "mean_accuracy": 0.9687857142857143,
    "std_accuracy": 0.0006534055214873952,
    "total_time": 565.2615623474121,
    "total_cpu_time": 1114.59375,
    "peak_memory_mb": 288.4424753189087,
    "accuracies_per_task": [
        0.969,
        0.9678,
        0.9698,
        0.9685,
        0.9694,
        0.9681,
        0.9689
    ],
    "times_per_task": [
        81.76970529556274,
        82.15503263473511,
        82.62807703018188,
        78.58986115455627,
        76.05127215385437,
        81.26590585708618,
        82.80170822143555
    ],
    "cpu_times_per_task": [
        160.875,
        161.21875,
        162.625,
        155.671875,
        150.46875,
        160.484375,
        163.25
    ]
}